ID,x,y,z,Sender,Receiver,Interference Sender,Interference Receiver,SeedValue: 1646692801 RunValue: 0
0,28.373051,201.038255,0,9,,,,
1,29.420996,53.094981,0,,,,,
2,82.970618,133.199957,0,,,,,
3,88.85085,197.045386,0,,,,,
4,100.048791,226.75715,0,,,,,
5,158.498772,259.385302,0,,,,,
6,180.994825,195.025331,0,,,,,
7,254.057447,138.724342,0,,,,,
8,263.717306,112.578014,0,,,,,
9,273.389568,44.292951,0,,0,,,
10,605,550,0,,,11,,
11,495,550,0,,,,10,
