ID,x,y,z,Sender,Receiver,Interference Sender,Interference Receiver,SeedValue: 1650315777 RunValue: 0
0,1.128134,0,0,9,,,,
1,73.805577,0,0,,,,,
2,185.008928,0,0,,,,,
3,217.341264,0,0,,,,,
4,220.290069,0,0,,,,,
5,301.983828,0,0,,,,,
6,416.758261,0,0,,,,,
7,446.063655,0,0,,,,,
8,460.935771,0,0,,,,,
9,493.806409,0,0,,0,,,
