ID,x,y,z,Sender,Receiver,Interference Sender,Interference Receiver,SeedValue: 1650318043 RunValue: 0
0,5.460307,95.079892,0,4,,,,
1,35.520844,188.397461,0,,,,,
2,112.591195,170.400388,0,,,,,
3,114.443925,43.12018,0,,,,,
4,202.986011,23.590616,0,,0,,,
